Station_ID,Station_Name,P1,P2,P3,Risk Level
27234,P/A Kg. Sg. Kandis,0.0,0.0,0.0,Normal
3014080_,Sg. Klang di Bandar Klang,0.0338936692656959,0.0055506074371066,0.0005718217447064,Danger
PANDAMARAN,P/A Pandamaran,4.98974e-45,1e-50,0.0,Danger
SELATMUARA,Sg. Klang di Selat Muara,0.0156472167568794,0.0057639984547314,0.0018703616470373,Danger
PEKANMERU,Sg. Binjai di Pekan Meru,3.66805790662e-09,1.13903395e-12,7.948e-17,Normal